Name,Type,Rarity,Attunement,Notes,Source
Armor of Gleaming,Armor,Common,none,medium or heavy,xge 136
Cast-Off Armor,Armor,Common,none,"light, medium, or heavy",xge 136
Shield of Expression,Armor,Common,none,shield,xge 139
Smoldering Armor,Armor,Common,no,none,xge 139
Adamantine Armor,Armor,Uncommon,none,"medium or heavy, but not hide",dmg 150
Mariner's Armor,Armor,Uncommon,no,none,dmg 181
Mithral Armor,Armor,Uncommon,none,"medium or heavy, but not hide",dmg 182
Sentinel Shield,Armor,Uncommon,none,shield,dmg 199
"Shield, +1",Armor,Uncommon,none,shield,dmg 200
Armor of Resistance,Armor,Rare,yes,none,dmg 152
Armor of Vulnerability,Armor,Rare,yes,plate,dmg 152
"Armor, +1",Armor,Rare,no,none,dmg 152
Arrow-catching Shield,Armor,Rare,yes,shield,dmg 152
Elven Chain,Armor,Rare,none,chain shirt,dmg 168
Glamoured Studded Leather,Armor,Rare,none,studded leather,dmg 172
Shield of Missile Attraction,Armor,Rare,yes,shield,dmg 200
"Shield, +2",Armor,Rare,none,shield,dmg 200
Animated Shield,Armor,Very Rare,yes,shield,dmg 151
"Armor, +2",Armor,Very Rare,no,none,dmg 152
Demon Armor,Armor,Very Rare,yes,plate,dmg 165
Dragon Scale Mail,Armor,Very Rare,yes,scale mail,dmg 165
Dwarven Plate,Armor,Very Rare,none,plate,dmg 167
"Shield, +3",Armor,Very Rare,none,shield,dmg 200
Spellguard Shield,Armor,Very Rare,yes,shield,dmg 201
Armor of Invulnerability,Armor,Legendary,yes,plate,dmg 152
"Armor, +3",Armor,Legendary,no,none,dmg 152
Efreeti Chain,Armor,Legendary,yes,chain mail,dmg 167
Plate Armor of Etherealness,Armor,Legendary,yes,plate,dmg 185
Potion of Climbing,Potion,Common,no,none,dmg 187
Potion of Healing,Potion,Common,no,none,dmg 187
Oil of Slipperiness,Potion,Uncommon,no,none,dmg 184
Philter of Love,Potion,Uncommon,no,none,dmg 184
Potion of Animal Friendship,Potion,Uncommon,no,none,dmg 187
Potion of Fire Breath,Potion,Uncommon,no,none,dmg 187
Potion of Greater Healing,Potion,Uncommon,no,none,dmg 187
Potion of Growth,Potion,Uncommon,no,none,dmg 187
Potion of Hill Giant Strength,Potion,Uncommon,no,none,dmg 187
Potion of Poison,Potion,Uncommon,no,none,dmg 188
Potion of Resistance,Potion,Uncommon,no,none,dmg 188
Potion of Water Breathing,Potion,Uncommon,no,none,dmg 188
Elixir of Health,Potion,Rare,no,none,dmg 168
Oil of Etherealness,Potion,Rare,no,none,dmg 183
Potion of Clairvoyance,Potion,Rare,no,none,dmg 187
Potion of Diminution,Potion,Rare,no,none,dmg 187
Potion of Fire Giant Strength,Potion,Rare,no,none,dmg 187
Potion of Frost Giant Strength,Potion,Rare,no,none,dmg 187
Potion of Gaseous Form,Potion,Rare,no,none,dmg 187
Potion of Heroism,Potion,Rare,no,none,dmg 188
Potion of Invulnerability,Potion,Rare,no,none,dmg 188
Potion of Mind Reading,Potion,Rare,no,none,dmg 188
Potion of Stone Giant Strength,Potion,Rare,no,none,dmg 187
Potion of Superior Healing,Potion,Rare,no,none,dmg 187
Oil of Sharpness,Potion,Very Rare,no,none,dmg 184
Potion of Cloud Giant Strength,Potion,Very Rare,no,none,dmg 187
Potion of Flying,Potion,Very Rare,no,none,dmg 187
Potion of Invisibility,Potion,Very Rare,no,none,dmg 188
Potion of Longevity,Potion,Very Rare,no,none,dmg 188
Potion of Speed,Potion,Very Rare,no,none,dmg 188
Potion of Supreme Healing,Potion,Very Rare,no,none,dmg 187
Potion of Vitality,Potion,Very Rare,no,none,dmg 188
Potion of Storm Giant Strength,Potion,Legendary,no,none,dmg 187
Ring of Jumping,Ring,Uncommon,yes,none,dmg 191
Ring of Mind Shielding,Ring,Uncommon,yes,none,dmg 191
Ring of Swimming,Ring,Uncommon,no,none,dmg 193
Ring of Warmth,Ring,Uncommon,yes,none,dmg 193
Ring of Water Walking,Ring,Uncommon,no,none,dmg 193
Ring of Animal Influence,Ring,Rare,no,none,dmg 189
Ring of Evasion,Ring,Rare,yes,none,dmg 191
Ring of Feather Falling,Ring,Rare,yes,none,dmg 191
Ring of Free Action,Ring,Rare,yes,none,dmg 191
Ring of Protection,Ring,Rare,yes,none,dmg 191
Ring of Resistance,Ring,Rare,yes,none,dmg 192
Ring of Spell Storing,Ring,Rare,yes,none,dmg 192
Ring of X-ray Vision,Ring,Rare,yes,none,dmg 193
Ring of the Ram,Ring,Rare,yes,none,dmg 193
Ring of Regeneration,Ring,Very Rare,yes,none,dmg 191
Ring of Shooting Stars,Ring,Very Rare,yes,none,dmg 192
Ring of Telekinesis,Ring,Very Rare,yes,none,dmg 193
Ring of Air Elemental Command,Ring,Legendary,yes,none,dmg 190
Ring of Djinni Summoning,Ring,Legendary,yes,none,dmg 190
Ring of Earth Elemental Command,Ring,Legendary,yes,none,dmg 190
Ring of Fire Elemental Command,Ring,Legendary,yes,none,dmg 190
Ring of Invisibility,Ring,Legendary,yes,none,dmg 191
Ring of Spell Turning,Ring,Legendary,yes,none,dmg 193
Ring of Three Wishes,Ring,Legendary,no,none,dmg 193
Ring of Water Elemental Command,Ring,Legendary,yes,none,dmg 190
Immovable Rod,Rod,Uncommon,no,none,dmg 175
"Rod of the Pact Keeper, +1",Rod,Uncommon,yes,warlock,dmg 197
Rod of Rulership,Rod,Rare,yes,none,dmg 197
"Rod of the Pact Keeper, +2",Rod,Rare,yes,warlock,dmg 197
Tentacle Rod,Rod,Rare,yes,none,dmg 208
Rod of Absorption,Rod,Very Rare,yes,none,dmg 195
Rod of Alertness,Rod,Very Rare,yes,none,dmg 196
Rod of Security,Rod,Very Rare,no,none,dmg 197
"Rod of the Pact Keeper, +3",Rod,Very Rare,yes,warlock,dmg 197
Rod of Lordly Might,Rod,Legendary,yes,none,dmg 196
Rod of Resurrection,Rod,Legendary,yes,"cleric, druid, or paladin",dmg 197
"Spell Scroll, 1st Level",Scroll,Common,no,none,dmg 200
"Spell Scroll, Cantrip",Scroll,Common,no,none,dmg 200
"Spell Scroll, 2nd Level",Scroll,Uncommon,no,none,dmg 200
"Spell Scroll, 3rd Level",Scroll,Uncommon,no,none,dmg 200
Scroll of Protection,Scroll,Rare,no,none,dmg 199
"Spell Scroll, 4th Level",Scroll,Rare,no,none,dmg 200
"Spell Scroll, 5th Level",Scroll,Rare,no,none,dmg 200
"Spell Scroll, 6th Level",Scroll,Very Rare,no,none,dmg 200
"Spell Scroll, 7th Level",Scroll,Very Rare,no,none,dmg 200
"Spell Scroll, 8th Level",Scroll,Very Rare,no,none,dmg 200
"Spell Scroll, 9th Level",Scroll,Legendary,no,none,dmg 200
Staff of Adornment,Staff,Common,no,none,xge 139
Staff of Birdcalls,Staff,Common,no,none,xge 139
Staff of Flowers,Staff,Common,no,none,xge 139
Staff of the Adder,Staff,Uncommon,yes,"cleric, druid, or warlock",dmg 203
Staff of the Python,Staff,Uncommon,yes,"cleric, druid, or warlock",dmg 204
Staff of Charming,Staff,Rare,yes,"bard, cleric, druid, sorcerer, warlock, or wizard",dmg 201
Staff of Healing,Staff,Rare,yes,"bard, cleric, or druid",dmg 202
Staff of Swarming Insects,Staff,Rare,yes,"bard, cleric, druid, sorcerer, warlock, or wizard",dmg 203
Staff of Withering,Staff,Rare,yes,"cleric, druid, or warlock",dmg 205
Staff of the Woodlands,Staff,Rare,yes,druid,dmg 204
Staff of Fire,Staff,Very Rare,yes,"druid, sorcerer, warlock, or wizard",dmg 201
Staff of Frost,Staff,Very Rare,yes,"druid, sorcerer, warlock, or wizard",dmg 202
Staff of Power,Staff,Very Rare,yes,"sorcerer, warlock, or wizard",dmg 202
Staff of Striking,Staff,Very Rare,yes,none,dmg 203
Staff of Thunder and Lightning,Staff,Very Rare,yes,none,dmg 204
Staff of the Magi,Staff,Legendary,yes,"sorcerer, warlock, or wizard",dmg 203
Wand of Conducting,Wand,Common,no,none,xge 140
Wand of Pyrotechnics,Wand,Common,no,none,xge 140
Wand of Scowls,Wand,Common,no,none,xge 140
Wand of Smiles,Wand,Common,no,none,xge 140
Wand of Magic Detection,Wand,Uncommon,no,none,dmg 211
Wand of Magic Missiles,Wand,Uncommon,no,none,dmg 211
Wand of Secrets,Wand,Uncommon,no,none,dmg 211
Wand of Web,Wand,Uncommon,yes,spellcaster,dmg 212
"Wand of the War Mage, +1",Wand,Uncommon,yes,spellcaster,dmg 212
Wand of Binding,Wand,Rare,yes,spellcaster,dmg 209
Wand of Enemy Detection,Wand,Rare,yes,none,dmg 210
Wand of Fear,Wand,Rare,yes,none,dmg 210
Wand of Fireballs,Wand,Rare,yes,spellcaster,dmg 210
Wand of Lightning Bolts,Wand,Rare,yes,spellcaster,dmg 211
Wand of Paralysis,Wand,Rare,yes,spellcaster,dmg 211
Wand of Wonder,Wand,Rare,yes,spellcaster,dmg 212
"Wand of the War Mage, +2",Wand,Rare,yes,spellcaster,dmg 212
Wand of Polymorph,Wand,Very Rare,yes,spellcaster,dmg 211
"Wand of the War Mage, +3",Wand,Very Rare,yes,spellcaster,dmg 212
Moon-Touched Sword,Weapon,Common,none,any sword,xge 138
Unbreakable Arrow,Weapon,Common,none,arrow,xge 139
Walloping Ammunition,Weapon,Common,none,any ammunition,xge 139
"Ammunition, +1",Weapon,Uncommon,none,any ammunition,dmg 150
Javelin of Lightning,Weapon,Uncommon,none,javelin,dmg 178
"Moon Sickle, +1",Weapon,Uncommon,yes,"sickle, druid or ranger",tce 133
Sword of Vengeance,Weapon,Uncommon,yes,any sword,dmg 206
Trident of Fish Command,Weapon,Uncommon,yes,trident,dmg 209
Weapon of Warning,Weapon,Uncommon,yes,none,dmg 213
"Weapon, +1",Weapon,Uncommon,no,none,dmg 213
"Ammunition, +2",Weapon,Rare,none,any ammunition,dmg 150
Berserker Axe,Weapon,Rare,yes,any axe,dmg 155
Dagger of Venom,Weapon,Rare,none,dagger,dmg 161
Devotee's Censer,Weapon,Rare,yes,"flail, cleric or paladin",tce 126
Dragon Slayer,Weapon,Rare,none,any sword,dmg 166
Flame Tongue,Weapon,Rare,yes,any sword,dmg 170
Giant Slayer,Weapon,Rare,none,any axe or sword,dmg 172
Mace of Disruption,Weapon,Rare,yes,mace,dmg 179
Mace of Smiting,Weapon,Rare,none,mace,dmg 179
Mace of Terror,Weapon,Rare,yes,mace,dmg 180
"Moon Sickle, +2",Weapon,Rare,yes,"sickle, druid or ranger",tce 133
Sun Blade,Weapon,Rare,yes,longsword,dmg 205
Sword of Life Stealing,Weapon,Rare,yes,any sword,dmg 206
Sword of Wounding,Weapon,Rare,yes,any sword,dmg 207
Vicious Weapon,Weapon,Rare,no,none,dmg 209
"Weapon, +2",Weapon,Rare,no,none,dmg 213
"Ammunition, +3",Weapon,Very Rare,none,any ammunition,dmg 150
Arrow of Slaying,Weapon,Very Rare,none,arrow,dmg 152
Dancing Sword,Weapon,Very Rare,yes,any sword,dmg 161
Dwarven Thrower,Weapon,Very Rare,yes,"warhammer, dwarf",dmg 167
Frost Brand,Weapon,Very Rare,yes,any sword,dmg 171
"Moon Sickle, +3",Weapon,Very Rare,yes,"sickle, druid or ranger",tce 133
Nine Lives Stealer,Weapon,Very Rare,yes,any sword,dmg 183
Oathbow,Weapon,Very Rare,yes,longbow,dmg 183
Scimitar of Speed,Weapon,Very Rare,yes,scimitar,dmg 199
Sword of Sharpness,Weapon,Very Rare,yes,any sword that deals slashing damage,dmg 206
"Weapon, +3",Weapon,Very Rare,no,none,dmg 213
Defender,Weapon,Legendary,yes,any sword,dmg 164
Hammer of Thunderbolts,Weapon,Legendary,none,maul,dmg 173
Holy Avenger,Weapon,Legendary,yes,"any sword, paladin",dmg 174
Luck Blade,Weapon,Legendary,yes,any sword,dmg 179
Sword of Answering,Weapon,Legendary,yes,"longsword, by alignment",dmg 206
Vorpal Sword,Weapon,Legendary,yes,any sword that deals slashing damage,dmg 209
Bead of Nourishment,Wondrous Item,Common,no,none,xge 136
Bead of Refreshment,Wondrous Item,Common,no,none,xge 136
Boots of False Tracks,Wondrous Item,Common,no,none,xge 136
Candle of the Deep,Wondrous Item,Common,no,none,xge 136
Charlatan's Die,Wondrous Item,Common,yes,none,xge 136
Cloak of Billowing,Wondrous Item,Common,no,none,xge 136
Cloak of Many Fashions,Wondrous Item,Common,no,none,xge 136
Clockwork Amulet,Wondrous Item,Common,no,none,xge 137
Clothes of Mending,Wondrous Item,Common,no,none,xge 137
Dark Shard Amulet,Wondrous Item,Common,yes,warlock,xge 137
Dread Helm,Wondrous Item,Common,no,none,xge 137
Ear Horn of Hearing,Wondrous Item,Common,no,none,xge 137
Enduring Spellbook,Wondrous Item,Common,no,none,xge 137
Ersatz Eye,Wondrous Item,Common,yes,none,xge 137
Hat of Vermin,Wondrous Item,Common,no,none,xge 137
Hat of Wizardry,Wondrous Item,Common,yes,wizard,xge 137
Heward's Handy Spice Pouch,Wondrous Item,Common,no,none,xge 137
Horn of Silent Alarm,Wondrous Item,Common,no,none,xge 137
Illuminator's Tattoo,Wondrous Item,Common,yes,none,tce 129
Instrument of Illusions,Wondrous Item,Common,yes,none,xge 137
Instrument of Scribing,Wondrous Item,Common,yes,none,xge 138
Lock of Trickery,Wondrous Item,Common,no,none,xge 138
Masquerade Tattoo,Wondrous Item,Common,yes,none,tce 131
Mystery Key,Wondrous Item,Common,no,none,xge 138
Orb of Direction,Wondrous Item,Common,no,none,xge 138
Orb of Time,Wondrous Item,Common,no,none,xge 138
Perfume of Bewitching,Wondrous Item,Common,no,none,xge 138
Pipe of Smoke Monsters,Wondrous Item,Common,no,none,xge 138
Pole of Angling,Wondrous Item,Common,no,none,xge 138
Pole of Collapsing,Wondrous Item,Common,no,none,xge 138
Pot of Awakening,Wondrous Item,Common,no,none,xge 138
Prosthetic Limb,Wondrous Item,Common,no,none,tce 134
Rope of Mending,Wondrous Item,Common,no,none,xge 138
Ruby of the War Mage,Wondrous Item,Common,yes,spellcaster,xge 138
"Spellwrought Tattoo, 1st Level",Wondrous Item,Common,no,none,tce 135
"Spellwrought Tattoo, Cantrip",Wondrous Item,Common,no,none,tce 135
Talking Doll,Wondrous Item,Common,yes,none,xge 139
Tankard of Sobriety,Wondrous Item,Common,no,none,xge 139
Veteran's Cane,Wondrous Item,Common,no,none,xge 139
Alchemy Jug,Wondrous Item,Uncommon,no,none,dmg 150
"All-Purpose Tool, +1",Wondrous Item,Uncommon,yes,artificer,tce 119
Amulet of Proof Against Detection and Location,Wondrous Item,Uncommon,yes,none,dmg 150
"Amulet of the Devout, +1",Wondrous Item,Uncommon,yes,"cleric, paladin",tce 119
"Arcane Grimoire, +1",Wondrous Item,Uncommon,yes,wizard,tce 120
Bag of Holding,Wondrous Item,Uncommon,no,none,dmg 153
Bag of Tricks,Wondrous Item,Uncommon,no,none,dmg 154
"Barrier Tattoo, AC 12",Wondrous Item,Uncommon,yes,none,tce 122
"Bloodwell Vial, +1",Wondrous Item,Uncommon,yes,sorcerer,tce 122
Boots of Elvenkind,Wondrous Item,Uncommon,no,none,dmg 155
Boots of Striding and Springing,Wondrous Item,Uncommon,yes,none,dmg 156
Boots of the Winterlands,Wondrous Item,Uncommon,yes,none,dmg 156
Bracers of Archery,Wondrous Item,Uncommon,yes,none,dmg 156
Brooch of Shielding,Wondrous Item,Uncommon,yes,none,dmg 156
Broom of Flying,Wondrous Item,Uncommon,no,none,dmg 156
Cap of Water Breathing,Wondrous Item,Uncommon,no,none,dmg 157
Circlet of Blasting,Wondrous Item,Uncommon,no,none,dmg 158
Cloak of Elvenkind,Wondrous Item,Uncommon,yes,none,dmg 158
Cloak of Protection,Wondrous Item,Uncommon,yes,none,dmg 159
Cloak of the Manta Ray,Wondrous Item,Uncommon,no,none,dmg 159
Coiling Grasp Tattoo,Wondrous Item,Uncommon,yes,none,tce 123
Decanter of Endless Water,Wondrous Item,Uncommon,no,none,dmg 161
Deck of Illusions,Wondrous Item,Uncommon,no,none,dmg 161
Driftglobe,Wondrous Item,Uncommon,no,none,dmg 166
Dust of Disappearance,Wondrous Item,Uncommon,no,none,dmg 166
Dust of Dryness,Wondrous Item,Uncommon,no,none,dmg 166
Dust of Sneezing and Choking,Wondrous Item,Uncommon,no,none,dmg 166
Eldritch Claw Tattoo,Wondrous Item,Uncommon,yes,none,tce 126
Elemental Gem,Wondrous Item,Uncommon,no,none,dmg 167
Eversmoking Bottle,Wondrous Item,Uncommon,no,none,dmg 168
Eyes of Charming,Wondrous Item,Uncommon,yes,none,dmg 168
Eyes of Minute Seeing,Wondrous Item,Uncommon,no,none,dmg 168
Eyes of the Eagle,Wondrous Item,Uncommon,yes,none,dmg 168
Feywild Shard,Wondrous Item,Uncommon,yes,sorcerer,tce 127
"Figurine of Wondrous Power, Silver Raven",Wondrous Item,Uncommon,no,none,dmg 170
Gauntlets of Ogre Power,Wondrous Item,Uncommon,yes,none,dmg 171
Gem of Brightness,Wondrous Item,Uncommon,no,none,dmg 171
Gloves of Missile Snaring,Wondrous Item,Uncommon,yes,none,dmg 172
Gloves of Swimming and Climbing,Wondrous Item,Uncommon,yes,none,dmg 172
Gloves of Thievery,Wondrous Item,Uncommon,no,none,dmg 172
Goggles of Night,Wondrous Item,Uncommon,no,none,dmg 172
Guardian Emblem,Wondrous Item,Uncommon,yes,cleric or paladin,tce 128
Hat of Disguise,Wondrous Item,Uncommon,yes,none,dmg 173
Headband of Intellect,Wondrous Item,Uncommon,yes,none,dmg 173
Helm of Comprehending Languages,Wondrous Item,Uncommon,no,none,dmg 173
Helm of Telepathy,Wondrous Item,Uncommon,yes,none,dmg 174
"Instrument of the Bards, Doss Lute",Wondrous Item,Uncommon,yes,bard,dmg 176
"Instrument of the Bards, Fochlucan Bandore",Wondrous Item,Uncommon,yes,bard,dmg 176
"Instrument of the Bards, Mac-Fuirmidh Cittern",Wondrous Item,Uncommon,yes,bard,dmg 176
Keoghtom's Ointment,Wondrous Item,Uncommon,no,none,dmg 179
Lantern of Revealing,Wondrous Item,Uncommon,no,none,dmg 179
Medallion of Thoughts,Wondrous Item,Uncommon,yes,none,dmg 181
Nature's Mantle,Wondrous Item,Uncommon,yes,druid or ranger,tce 133
Necklace of Adaptation,Wondrous Item,Uncommon,yes,none,dmg 182
Pearl of Power,Wondrous Item,Uncommon,yes,spellcaster,dmg 184
Periapt of Health,Wondrous Item,Uncommon,no,none,dmg 184
Periapt of Wound Closure,Wondrous Item,Uncommon,yes,none,dmg 184
Pipes of Haunting,Wondrous Item,Uncommon,no,none,dmg 185
Pipes of the Sewers,Wondrous Item,Uncommon,yes,none,dmg 185
Quiver of Ehlonna,Wondrous Item,Uncommon,no,none,dmg 189
"Rhythm-Maker's Drum, +1",Wondrous Item,Uncommon,yes,bard,tce 134
Robe of Useful Items,Wondrous Item,Uncommon,no,none,dmg 195
Rope of Climbing,Wondrous Item,Uncommon,no,none,dmg 197
Saddle of the Cavalier,Wondrous Item,Uncommon,no,none,dmg 199
Sending Stones,Wondrous Item,Uncommon,no,none,dmg 199
Slippers of Spider Climbing,Wondrous Item,Uncommon,yes,none,dmg 200
"Spellwrought Tattoo, 2nd Level",Wondrous Item,Uncommon,no,none,tce 135
"Spellwrought Tattoo, 3rd Level",Wondrous Item,Uncommon,no,none,tce 135
Stone of Good Luck,Wondrous Item,Uncommon,yes,none,dmg 205
Wind Fan,Wondrous Item,Uncommon,no,none,dmg 213
Winged Boots,Wondrous Item,Uncommon,yes,none,dmg 214
Alchemical Compendium,Wondrous Item,Rare,yes,wizard,tce 119
"All-Purpose Tool, +2",Wondrous Item,Rare,yes,artificer,tce 119
Amulet of Health,Wondrous Item,Rare,yes,none,dmg 150
"Amulet of the Devout, +2",Wondrous Item,Rare,yes,"cleric, paladin",tce 119
"Arcane Grimoire, +2",Wondrous Item,Rare,yes,wizard,tce 120
Astral Shard,Wondrous Item,Rare,yes,sorcerer,tce 120
Astromancy Archive,Wondrous Item,Rare,yes,wizard,tce 120
Atlas of Endless Horizons,Wondrous Item,Rare,yes,wizard,tce 120
Bag of Beans,Wondrous Item,Rare,no,none,dmg 152
"Barrier Tattoo, AC 15",Wondrous Item,Rare,yes,none,tce 122
Bead of Force,Wondrous Item,Rare,no,none,dmg 154
Bell Branch,Wondrous Item,Rare,yes,druid or warlock,tce 122
Belt of Dwarvenkind,Wondrous Item,Rare,yes,none,dmg 155
Belt of Hill Giant Strength,Wondrous Item,Rare,yes,none,dmg 155
"Bloodwell Vial, +2",Wondrous Item,Rare,yes,sorcerer,tce 122
Boots of Levitation,Wondrous Item,Rare,yes,none,dmg 155
Boots of Speed,Wondrous Item,Rare,yes,none,dmg 155
Bowl of Commanding Water Elementals,Wondrous Item,Rare,no,none,dmg 156
Bracers of Defense,Wondrous Item,Rare,yes,none,dmg 156
Brazier of Commanding Fire Elementals,Wondrous Item,Rare,no,none,dmg 156
Cape of the Mountebank,Wondrous Item,Rare,no,none,dmg 157
Censer of Controlling Air Elementals,Wondrous Item,Rare,no,none,dmg 158
Chime of Opening,Wondrous Item,Rare,no,none,dmg 158
Cloak of Displacement,Wondrous Item,Rare,yes,none,dmg 158
Cloak of the Bat,Wondrous Item,Rare,yes,none,dmg 159
Cube of Force,Wondrous Item,Rare,yes,none,dmg 159
Daern's Instant Fortress,Wondrous Item,Rare,no,none,dmg 160
Dimensional Shackles,Wondrous Item,Rare,no,none,dmg 165
Duplicitous Manuscript,Wondrous Item,Rare,yes,wizard,tce 126
"Elemental Essence Shard, Air",Wondrous Item,Rare,yes,sorcerer,tce 127
"Elemental Essence Shard, Earth",Wondrous Item,Rare,yes,sorcerer,tce 127
"Elemental Essence Shard, Fire",Wondrous Item,Rare,yes,sorcerer,tce 127
"Elemental Essence Shard, Water",Wondrous Item,Rare,yes,sorcerer,tce 127
Far Realm Shard,Wondrous Item,Rare,yes,sorcerer,tce 127
"Figurine of Wondrous Power, Bronze Griffon",Wondrous Item,Rare,no,none,dmg 169
"Figurine of Wondrous Power, Ebony Fly",Wondrous Item,Rare,no,none,dmg 169
"Figurine of Wondrous Power, Golden Lions",Wondrous Item,Rare,no,none,dmg 169
"Figurine of Wondrous Power, Ivory Goats",Wondrous Item,Rare,no,none,dmg 169
"Figurine of Wondrous Power, Marble Elephant",Wondrous Item,Rare,no,none,dmg 170
"Figurine of Wondrous Power, Onyx Dog",Wondrous Item,Rare,no,none,dmg 170
"Figurine of Wondrous Power, Serpentine Owl",Wondrous Item,Rare,no,none,dmg 170
Folding Boat,Wondrous Item,Rare,no,none,dmg 170
Fulminating Treatise,Wondrous Item,Rare,yes,wizard,tce 128
Gem of Seeing,Wondrous Item,Rare,yes,none,dmg 172
Heart Weaver's Primer,Wondrous Item,Rare,yes,wizard,tce 128
Helm of Teleportation,Wondrous Item,Rare,yes,none,dmg 174
Heward's Handy Haversack,Wondrous Item,Rare,no,none,dmg 174
Horn of Blasting,Wondrous Item,Rare,no,none,dmg 174
"Horn of Valhalla, Brass",Wondrous Item,Rare,no,none,dmg 175
"Horn of Valhalla, Silver",Wondrous Item,Rare,no,none,dmg 175
Horseshoes of Speed,Wondrous Item,Rare,no,none,dmg 175
"Instrument of the Bards, Canaith Mandolin",Wondrous Item,Rare,yes,bard,dmg 176
"Instrument of the Bards, Cli Lyre",Wondrous Item,Rare,yes,bard,dmg 176
"Ioun Stone, Awareness",Wondrous Item,Rare,yes,none,dmg 176
"Ioun Stone, Protection",Wondrous Item,Rare,yes,none,dmg 176
"Ioun Stone, Reserve",Wondrous Item,Rare,yes,none,dmg 176
"Ioun Stone, Sustenance",Wondrous Item,Rare,yes,none,dmg 176
Iron Bands of Bilarro,Wondrous Item,Rare,no,none,dmg 177
Libram of Souls and Flesh,Wondrous Item,Rare,yes,wizard,tce 129
Lyre of Building,Wondrous Item,Rare,yes,bard,tce 131
Mantle of Spell Resistance,Wondrous Item,Rare,yes,none,dmg 180
Necklace of Fireballs,Wondrous Item,Rare,no,none,dmg 182
Necklace of Prayer Beads,Wondrous Item,Rare,yes,"cleric, druid, or paladin",dmg 182
"Outer Essence Shard, Chaotic",Wondrous Item,Rare,yes,sorcerer,tce 133
"Outer Essence Shard, Evil",Wondrous Item,Rare,yes,sorcerer,tce 133
"Outer Essence Shard, Good",Wondrous Item,Rare,yes,sorcerer,tce 133
"Outer Essence Shard, Lawful",Wondrous Item,Rare,yes,sorcerer,tce 133
Periapt of Proof Against Poison,Wondrous Item,Rare,no,none,dmg 184
Planecaller's Codex,Wondrous Item,Rare,yes,wizard,tce 134
Portable Hole,Wondrous Item,Rare,no,none,dmg 185
Protective Verses,Wondrous Item,Rare,yes,wizard,tce 134
Quaal's Feather Token,Wondrous Item,Rare,no,none,dmg 188
Reveler's Concertina,Wondrous Item,Rare,yes,bard,tce 134
"Rhythm-Maker's Drum, +2",Wondrous Item,Rare,yes,bard,tce 134
Robe of Eyes,Wondrous Item,Rare,yes,none,dmg 193
Rope of Entanglement,Wondrous Item,Rare,no,none,dmg 197
Shadowfell Brand Tattoo,Wondrous Item,Rare,yes,none,tce 134
Shadowfell Shard,Wondrous Item,Rare,yes,sorcerer,tce 135
"Spellwrought Tattoo, 4th Level",Wondrous Item,Rare,no,none,tce 135
"Spellwrought Tattoo, 5th Level",Wondrous Item,Rare,no,none,tce 135
Stone of Controlling Earth Elementals,Wondrous Item,Rare,no,none,dmg 205
Wings of Flying,Wondrous Item,Rare,yes,none,dmg 214
Absorbing Tattoo,Wondrous Item,Very Rare,yes,none,tce 119
"All-Purpose Tool, +3",Wondrous Item,Very Rare,yes,artificer,tce 119
"Amulet of the Devout, +3",Wondrous Item,Very Rare,yes,"cleric, paladin",tce 119
Amulet of the Planes,Wondrous Item,Very Rare,yes,none,dmg 150
"Arcane Grimoire, +3",Wondrous Item,Very Rare,yes,wizard,tce 120
Bag of Devouring,Wondrous Item,Very Rare,no,none,dmg 153
"Barrier Tattoo, AC 18",Wondrous Item,Very Rare,yes,none,tce 122
Belt of Fire Giant Strength,Wondrous Item,Very Rare,yes,none,dmg 155
Belt of Frost Giant Strength,Wondrous Item,Very Rare,yes,none,dmg 155
Belt of Stone Giant Strength,Wondrous Item,Very Rare,yes,none,dmg 155
"Bloodwell Vial, +3",Wondrous Item,Very Rare,yes,sorcerer,tce 122
Candle of Invocation,Wondrous Item,Very Rare,yes,none,dmg 157
Carpet of Flying,Wondrous Item,Very Rare,no,none,dmg 157
Cauldron of Rebirth,Wondrous Item,Very Rare,yes,druid or warlock,tce 122
Cloak of Arachnida,Wondrous Item,Very Rare,yes,none,dmg 158
Crystal Ball,Wondrous Item,Very Rare,yes,none,dmg 159
Crystalline Chronicle,Wondrous Item,Very Rare,yes,wizard,tce 124
Efreeti Bottle,Wondrous Item,Very Rare,no,none,dmg 167
"Figurine of Wondrous Power, Obsidian Steed",Wondrous Item,Very Rare,no,none,dmg 170
Ghost Step Tattoo,Wondrous Item,Very Rare,yes,none,tce 128
Helm of Brilliance,Wondrous Item,Very Rare,yes,none,dmg 173
"Horn of Valhalla, Bronze",Wondrous Item,Very Rare,no,none,dmg 175
Horseshoes of a Zephyr,Wondrous Item,Very Rare,no,none,dmg 175
"Instrument of the Bards, Anstruth Harp",Wondrous Item,Very Rare,yes,bard,dmg 176
"Ioun Stone, Absorption",Wondrous Item,Very Rare,yes,none,dmg 176
"Ioun Stone, Agility",Wondrous Item,Very Rare,yes,none,dmg 176
"Ioun Stone, Fortitude",Wondrous Item,Very Rare,yes,none,dmg 176
"Ioun Stone, Insight",Wondrous Item,Very Rare,yes,none,dmg 176
"Ioun Stone, Intellect",Wondrous Item,Very Rare,yes,none,dmg 176
"Ioun Stone, Leadership",Wondrous Item,Very Rare,yes,none,dmg 176
"Ioun Stone, Strength",Wondrous Item,Very Rare,yes,none,dmg 176
Lifewell Tattoo,Wondrous Item,Very Rare,yes,none,tce 129
Manual of Bodily Health,Wondrous Item,Very Rare,no,none,dmg 180
Manual of Gainful Exercise,Wondrous Item,Very Rare,no,none,dmg 180
Manual of Golems,Wondrous Item,Very Rare,no,none,dmg 180
Manual of Quickness of Action,Wondrous Item,Very Rare,no,none,dmg 181
Mirror of Life Trapping,Wondrous Item,Very Rare,no,none,dmg 181
Nolzur's Marvelous Pigments,Wondrous Item,Very Rare,no,none,dmg 183
"Rhythm-Maker's Drum, +3",Wondrous Item,Very Rare,yes,bard,tce 134
Robe of Scintillating Colors,Wondrous Item,Very Rare,yes,none,dmg 194
Robe of Stars,Wondrous Item,Very Rare,yes,none,dmg 194
Tome of Clear Thought,Wondrous Item,Very Rare,no,none,dmg 208
Tome of Leadership and Influence,Wondrous Item,Very Rare,no,none,dmg 208
Tome of Understanding,Wondrous Item,Very Rare,no,none,dmg 209
Apparatus of Kwalish,Wondrous Item,Legendary,no,none,dmg 151
Belt of Cloud Giant Strength,Wondrous Item,Legendary,yes,none,dmg 155
Belt of Storm Giant Strength,Wondrous Item,Legendary,yes,none,dmg 155
Blood Fury Tattoo,Wondrous Item,Legendary,yes,none,tce 122
Cloak of Invisibility,Wondrous Item,Legendary,yes,none,dmg 158
Crystal Ball of Mind Reading,Wondrous Item,Legendary,yes,none,dmg 159
Crystal Ball of Telepathy,Wondrous Item,Legendary,yes,none,dmg 159
Crystal Ball of True Seeing,Wondrous Item,Legendary,yes,none,dmg 159
Cubic Gate,Wondrous Item,Legendary,no,none,dmg 160
Deck of Many Things,Wondrous Item,Legendary,no,none,dmg 162
"Horn of Valhalla, Iron",Wondrous Item,Legendary,no,none,dmg 175
"Instrument of the Bards, Ollamh Harp",Wondrous Item,Legendary,yes,bard,dmg 176
"Ioun Stone, Greater Absorption",Wondrous Item,Legendary,yes,none,dmg 176
"Ioun Stone, Mastery",Wondrous Item,Legendary,yes,none,dmg 176
"Ioun Stone, Regeneration",Wondrous Item,Legendary,yes,none,dmg 176
Iron Flask,Wondrous Item,Legendary,no,none,dmg 178
Robe of the Archmagi,Wondrous Item,Legendary,yes,"sorcerer, warlock, or wizard",dmg 194
Scarab of Protection,Wondrous Item,Legendary,yes,none,dmg 199
Sovereign Glue,Wondrous Item,Legendary,no,none,dmg 200
Sphere of Annihilation,Wondrous Item,Legendary,no,none,dmg 201
Talisman of Pure Good,Wondrous Item,Legendary,yes,good alignment,dmg 207
Talisman of Ultimate Evil,Wondrous Item,Legendary,yes,evil alignment,dmg 207
Talisman of the Sphere,Wondrous Item,Legendary,yes,none,dmg 207
Tome of the Stilled Tongue,Wondrous Item,Legendary,yes,wizard,dmg 208
Universal Solvent,Wondrous Item,Legendary,no,none,dmg 209
Well of Many Worlds,Wondrous Item,Legendary,no,none,dmg 213
Baba Yaga's Mortar and Pestle,Wondrous Item,Artifact,yes,none,tce 121
Crook of Rao,Wondrous Item,Artifact,yes,none,tce 123
Demonomicon of Iggwilv,Wondrous Item,Artifact,yes,none,tce 125
Luba's Tarokka of Souls,Wondrous Item,Artifact,yes,none,tce 129
Mighty Servant of Leuk-o,Wondrous Item,Artifact,yes,none,tce 131
Teeth of Dahlver-Nar,Wondrous Item,Artifact,yes,none,tce 135